,Full,Yes/No,Open,Size,Shape,Color,Location,Count,Spec1,Spec2,Spec3,Path
ef=sbert_full_nhidden=256_lr=0.002,0.5916666388511658,0.8095238208770752,0.35087719559669495,0.4000000059604645,1.0,0.4838709533214569,0.6111111044883728,0.7083333134651184,0.6122449040412903,0.5199999809265137,0.8235294222831726,/home/nino/Documents/Models/VQA/vqa_experiment_final/pretrained/ef=sbert_full_nhidden=256_lr=0.002/checkpoints/epoch=7-step=29999.ckpt
ef=phoc_reduced_nhidden=256_lr=0.002,0.6416666507720947,0.7142857313156128,0.5614035129547119,0.3499999940395355,0.7777777910232544,0.7419354915618896,0.6111111044883728,0.75,0.7142857313156128,0.5799999833106995,0.7647058963775635,/home/nino/Documents/Models/VQA/vqa_experiment_final/pretrained/ef=phoc_reduced_nhidden=256_lr=0.002/checkpoints/epoch=19-step=74999.ckpt
ef=bow_nhidden=256_lr=0.002,0.6666666865348816,0.8095238208770752,0.5087719559669495,0.3499999940395355,0.7777777910232544,0.7419354915618896,0.6944444179534912,0.75,0.6938775777816772,0.6600000262260437,0.7647058963775635,/home/nino/Documents/Models/VQA/vqa_experiment_final/pretrained/ef=bow_nhidden=256_lr=0.002/checkpoints/epoch=20-step=78749.ckpt
ef=phoc_full_nhidden=256_lr=0.002,0.6833333373069763,0.8253968358039856,0.5263158082962036,0.4000000059604645,0.6666666865348816,0.7096773982048035,0.7777777910232544,0.75,0.7346938848495483,0.5799999833106995,0.9411764740943909,/home/nino/Documents/Models/VQA/vqa_experiment_final/pretrained/ef=phoc_full_nhidden=256_lr=0.002/checkpoints/epoch=17-step=67499.ckpt
ef=sbert_reduced_nhidden=256_lr=0.002,0.6499999761581421,0.7142857313156128,0.5789473652839661,0.3499999940395355,0.7777777910232544,0.7419354915618896,0.7222222089767456,0.625,0.6530612111091614,0.6200000047683716,0.8823529481887817,/home/nino/Documents/Models/VQA/vqa_experiment_final/pretrained/ef=sbert_reduced_nhidden=256_lr=0.002/checkpoints/epoch=14-step=56249-v1.ckpt
