,Full,Yes/No,Open,Size,Shape,Color,Location,Count,Spec1,Spec2,Spec3,Path
ef=sbert_full_nhidden=256_lr=0.002,0.7560333609580994,0.8291608095169067,0.6823307275772095,0.7774038314819336,0.8850574493408203,0.8820429444313049,0.5394444465637207,0.8370000123977661,0.832480251789093,0.7161982655525208,0.6494041085243225,/data/s2965690/vqa_experiment_final/top_attention/ef=sbert_full_nhidden=256_lr=0.002/checkpoints/epoch=16-step=63749.ckpt
ef=phoc_reduced_nhidden=256_lr=0.002,0.7889000177383423,0.8535282611846924,0.7238538861274719,0.8495192527770996,0.9066527485847473,0.9012423157691956,0.5815555453300476,0.8523333072662354,0.8570653200149536,0.752278745174408,0.6918743252754211,/data/s2965690/vqa_experiment_final/top_attention/ef=phoc_reduced_nhidden=256_lr=0.002/checkpoints/epoch=10-step=41249.ckpt
ef=phoc_full_nhidden=256_lr=0.002,0.7876333594322205,0.8600040078163147,0.7147390246391296,0.7992788553237915,0.8996865153312683,0.9097753763198853,0.5927777886390686,0.8560000061988831,0.8552815318107605,0.7456323504447937,0.7085590362548828,/data/s2965690/vqa_experiment_final/top_attention/ef=phoc_full_nhidden=256_lr=0.002/checkpoints/epoch=8-step=33749.ckpt
ef=sbert_reduced_nhidden=256_lr=0.002,0.7835999727249146,0.8559983968734741,0.710890531539917,0.8043269515037537,0.9143155813217163,0.9176810383796692,0.5645555257797241,0.8571666479110718,0.8581510782241821,0.7459172010421753,0.6799566745758057,/data/s2965690/vqa_experiment_final/top_attention/ef=sbert_reduced_nhidden=256_lr=0.002/checkpoints/epoch=8-step=33749.ckpt
ef=bow_nhidden=256_lr=0.002,0.7994666695594788,0.8658121228218079,0.7329687476158142,0.8326923251152039,0.9188436269760132,0.9160497188568115,0.6006666421890259,0.862666666507721,0.8655964136123657,0.7634826898574829,0.7118093371391296,/data/s2965690/vqa_experiment_final/top_attention/ef=bow_nhidden=256_lr=0.002/checkpoints/epoch=9-step=37499.ckpt
